date,open,high,low,close,volume
2026-05-19,47.6100,47.6400,45.6250,45.7200,5455571
2026-05-20,46.0400,48.7700,45.9500,48.1200,4742608
2026-05-21,47.6300,47.9300,46.4840,47.2600,4790745
2026-05-22,47.5400,48.3500,46.7700,46.8800,4223676
2026-05-26,47.2100,48.6717,46.1700,47.0300,3997618
2026-05-27,47.0200,49.0750,46.8700,47.6100,3599004
2026-05-28,47.2450,47.5800,45.8900,47.5700,4731723
2026-05-29,47.2700,49.2600,46.8200,47.1900,6318429
2026-06-01,47.0700,47.0700,44.2000,46.0600,6177795
2026-06-02,45.3500,46.1700,43.9000,45.6400,5690074
2026-06-03,45.3000,49.5500,45.3000,49.0600,6934371
2026-06-04,49.3980,51.9000,48.9400,51.5900,6709675
2026-06-05,50.7700,51.5300,46.3800,47.4400,6084113
2026-06-08,48.2200,48.9900,46.8000,47.6000,3994555
2026-06-09,48.4200,48.4200,45.4000,47.7300,5080455
2026-06-10,47.2150,48.5200,45.6700,45.9900,4217036
2026-06-11,46.4300,49.9400,46.3000,49.6400,6196215
2026-06-12,49.9800,51.7500,49.6200,49.9100,5081172
2026-06-15,51.3700,52.2300,49.8401,52.1300,6342068
2026-06-16,52.2400,57.7900,51.6600,55.4000,13050523
2026-06-17,56.2100,62.3000,54.5100,61.8000,12447970
2026-06-18,63.9600,67.7400,60.7300,63.9600,24078835
2026-06-22,64.0700,65.5100,57.5000,59.3450,8363486
2026-06-23,59.0500,63.9800,58.3400,61.0000,6814161
2026-06-24,61.1700,62.7500,59.8500,60.4200,11704005
2026-06-25,60.3300,61.8565,57.9080,59.7500,6798819
2026-06-26,59.4650,69.2850,59.2300,67.2700,14456655
2026-06-29,67.9450,69.9000,66.3000,69.7000,8077421
2026-06-30,69.8350,73.2800,69.2200,70.0300,11805910
2026-07-01,70.0400,73.9100,68.8655,72.5000,9275292
2026-07-02,73.7100,81.4000,73.6800,79.7600,14111998
2026-07-06,78.5500,85.6000,77.5000,81.8000,17296875
2026-07-07,82.1000,82.9000,77.4100,79.7700,8688340
2026-07-08,77.3400,78.3000,73.3401,73.8000,6581662
2026-07-09,73.8000,76.8400,73.1400,76.5600,4415034
2026-07-10,76.7220,76.7220,67.3100,68.2700,9176930
2026-07-13,66.3300,69.5500,65.5400,67.0100,8521959
2026-07-14,66.6700,67.8900,65.8000,67.4400,5812332
2026-07-15,67.7900,68.4900,65.9500,68.2800,3427825
2026-07-16,67.0700,67.4200,62.8000,63.1500,5593100
2026-07-17,61.6800,63.2800,61.0600,61.8200,4551991
2026-07-20,61.4600,62.4251,59.3000,59.4900,4967920
2026-07-21,59.5100,60.8300,58.6100,59.6600,4357386
2026-07-22,59.5200,59.8600,57.7400,58.0700,3780416
2026-07-23,57.2000,58.4300,56.2750,57.0200,4695588
2026-07-24,57.2550,57.4600,53.8500,54.0700,4427772
2026-07-27,54.7500,57.0700,54.3900,55.6300,5040423
2026-07-28,54.8310,55.8500,53.3450,55.8050,5557786
2026-07-29,55.0400,56.2500,54.1601,54.4900,4351698
2026-07-30,55.9650,58.0800,54.5200,57.9200,4458258
2026-07-31,57.8500,59.4900,54.7100,54.8200,7764502
2026-08-03,54.9250,58.0000,52.6601,55.1400,5176711
2026-08-04,56.8400,58.3400,55.8750,56.9900,4000143
2026-08-05,58.0000,59.4496,55.5800,56.2550,5163265
2026-08-06,57.5400,59.0000,53.7100,53.8600,5640306
2026-08-07,54.7900,59.4150,54.6200,59.1700,6820581
2026-08-10,59.7500,60.7700,58.4100,59.8100,6224525
2026-08-11,60.2100,61.4000,58.6000,60.5700,6556326
2026-08-12,60.5800,64.2600,59.2900,63.6700,6581997
2026-08-13,63.8000,65.3300,62.3300,63.6500,8159738
2026-08-14,62.8900,63.7822,60.8200,63.3200,4700891
2026-08-17,64.7750,65.5250,62.9100,64.4600,3979550
2026-08-18,63.0400,64.4600,62.1293,62.9600,4304996
2026-08-19,116.0200,176.6600,114.4600,174.3800,189338177
2026-08-20,150.1400,155.0000,128.6100,133.3200,99499941
2026-08-21,133.1100,159.4700,132.4200,145.1300,87316065
2026-08-24,142.7000,145.5000,130.0000,138.8900,31587240
2026-08-25,143.5000,161.3700,141.2100,158.8300,49225650
2026-08-26,154.2000,156.1300,145.1000,149.6600,22009462
2026-08-27,144.1800,148.5880,138.5401,142.7700,24993236
2026-08-28,137.1900,138.8000,133.3300,137.9900,25820563
2026-08-31,134.1000,144.2000,133.8550,140.3400,18570704
2026-09-01,140.2500,154.7000,138.0900,154.2700,25831743
2026-09-02,151.4000,156.4151,146.5400,150.8100,16563188
2026-09-03,145.9450,150.2000,142.7800,148.8700,13290379
2026-09-04,153.6200,154.6900,141.5200,145.5500,14966547
2026-09-08,145.9800,147.4999,139.7000,140.3300,10308621
2026-09-09,140.2950,143.9400,135.5200,135.6100,8650474
2026-09-10,134.8600,137.1300,130.3800,136.6200,7873511
2026-09-11,137.9050,149.7344,135.0101,143.9700,15409297
2026-09-14,144.9250,147.3399,139.0200,146.6900,10963012
2026-09-15,146.0000,148.6999,141.1600,143.7700,8414681
2026-09-16,145.2600,148.9300,142.3001,145.6200,8832059
2026-09-17,152.5000,161.9599,149.5000,158.0700,19175014
2026-09-18,158.3550,159.7900,150.2600,154.0400,20238545
2026-09-21,161.0500,176.8600,159.0600,172.9400,21018288
2026-09-22,168.5000,187.2000,168.3000,182.5600,24033888
2026-09-23,183.4050,192.3100,181.3000,182.1100,17727824
2026-09-24,180.6000,195.7093,180.3880,194.8200,16605461
2026-09-25,195.3450,202.6700,192.5100,198.8800,13944982
2026-09-28,195.1550,199.8250,189.1001,197.2800,13359640
2026-09-29,197.7800,208.9032,190.0000,203.4600,13277922
2026-09-30,186.5500,196.8300,184.5800,192.5700,20649483
2026-10-01,186.6100,201.0000,186.0120,188.9400,15437001
2026-10-02,190.2600,193.7200,183.2800,190.0100,10289461
2026-10-05,191.4100,205.7700,185.9000,203.2100,19313307
2026-10-06,202.0900,212.2200,186.6400,187.4600,18794807
2026-10-07,183.6450,197.6900,182.5000,196.4800,14640181
2026-10-08,196.4200,199.9200,192.7100,197.0000,37399978
