run_utc,symbol,status,rows,first_date,last_date,outputsize,detail
2026-10-08T20:47:57Z,ABBV,OK,100,2026-05-18,2026-10-08,compact,
2026-10-08T20:47:57Z,GILD,OK,100,2026-05-18,2026-10-08,compact,
2026-10-08T20:47:57Z,CHRW,OK,100,2026-05-18,2026-10-08,compact,
2026-10-08T20:47:57Z,HLT,OK,100,2026-05-18,2026-10-08,compact,
2026-10-08T20:47:57Z,EBAY,OK,100,2026-05-18,2026-10-08,compact,
2026-10-08T20:47:57Z,MNST,OK,100,2026-05-18,2026-10-08,compact,
2026-10-08T20:47:57Z,AMAT,OK,100,2026-05-18,2026-10-08,compact,
2026-10-08T20:47:57Z,EVRG,OK,100,2026-05-18,2026-10-08,compact,
2026-10-08T20:47:57Z,JPM,OK,100,2026-05-18,2026-10-08,compact,
2026-10-08T20:47:57Z,MAR,OK,100,2026-05-18,2026-10-08,compact,
2026-10-08T20:47:57Z,AME,OK,100,2026-05-18,2026-10-08,compact,
2026-10-08T20:47:57Z,BAC,OK,100,2026-05-18,2026-10-08,compact,
2026-10-08T20:47:57Z,LOCO,OK,100,2026-05-18,2026-10-08,compact,
2026-10-08T20:47:57Z,CAKE,OK,100,2026-05-18,2026-10-08,compact,
2026-10-08T20:47:57Z,TGT,OK,100,2026-05-18,2026-10-08,compact,
2026-10-08T20:47:57Z,XNCR,OK,100,2026-05-18,2026-10-08,compact,
2026-10-08T20:47:57Z,DG,OK,100,2026-05-18,2026-10-08,compact,
2026-10-08T20:47:57Z,OHI,OK,100,2026-05-18,2026-10-08,compact,
2026-10-08T20:47:57Z,WFC,OK,100,2026-05-18,2026-10-08,compact,
2026-10-08T20:47:57Z,JCI,OK,100,2026-05-18,2026-10-08,compact,
2026-10-08T20:47:57Z,BKH,OK,100,2026-05-18,2026-10-08,compact,
2026-10-08T20:47:57Z,CSX,OK,100,2026-05-18,2026-10-08,compact,
2026-10-08T20:47:57Z,FTNT,OK,100,2026-05-18,2026-10-08,compact,
2026-10-08T20:47:57Z,L,OK,100,2026-05-18,2026-10-08,compact,
2026-10-08T20:47:57Z,MO,OK,100,2026-05-18,2026-10-08,compact,
2026-10-08T20:47:57Z,PNC,LIMIT,0,,,compact,We have detected your API key as *** and our standard API rate limit is 25 requests per day. Please subscribe to any of the premium plans at https://www.alphavantage.co/premium/ to instantly remove all daily rate limits.
